age,client,version
14,Computer ( Java Edition ),Cracked
19,Computer ( Java Edition ),Cracked
18,Computer ( Java Edition ),Paid Version
17,Computer ( Java Edition ),Cracked
15,Mobile ( bedrock version ),Paid Version
15,Computer ( Java Edition ),Cracked
20,Computer ( Java Edition ),Cracked
16,Computer ( Java Edition ),Cracked
21,Computer ( Java Edition ),Paid Version
17,Computer ( Java Edition ),Cracked
21,Computer ( Java Edition ),Paid Version
16,Mobile ( bedrock version ),Cracked
21,Computer ( Java Edition ),Cracked
26,Computer ( Java Edition ),Cracked
17,Computer ( Java Edition ),Cracked
17,Computer ( Java Edition ),Paid Version
20,Computer ( Java Edition ),Cracked
18,Mobile ( bedrock version ),Paid Version
15,Computer ( Java Edition ),Cracked
16,Mobile ( bedrock version ),Cracked
21,Computer ( Java Edition ),Paid Version
16,Computer ( Java Edition ),Cracked
14,Computer ( Java Edition ),Cracked
20,Mobile ( bedrock version ),Paid Version
18,Computer ( Java Edition ),Cracked
13,Computer ( Java Edition ),Cracked
14,Computer ( Java Edition ),Cracked
12,Mobile ( bedrock version ),Cracked
15,Computer ( Java Edition ),Paid Version
16,Computer ( Java Edition ),Paid Version
15,Mobile ( bedrock version ),Paid Version
2,Computer ( Java Edition ),Cracked
16,Computer ( Java Edition ),Paid Version
15,Computer ( Java Edition ),Paid Version
23,Mobile ( bedrock version ),Paid Version
15,Computer ( Java Edition ),Cracked
16,Computer ( Java Edition ),Cracked
16,Computer ( Java Edition ),Cracked
23,Computer ( Java Edition ),Cracked
16,Computer ( Java Edition ),Cracked
14,Computer ( Java Edition ),Cracked
15,Computer ( Java Edition ),Cracked
15,Computer ( Java Edition ),Cracked
16,Mobile ( bedrock version ),Cracked
13,Computer ( Java Edition ),Paid Version
17,Computer ( Java Edition ),Paid Version
15,Computer ( Java Edition ),Cracked
17,Computer ( Java Edition ),Cracked
14,Computer ( Java Edition ),Cracked
17,Computer ( Java Edition ),Cracked
13,Computer ( Java Edition ),Cracked
15,Mobile ( bedrock version ),Cracked
17,Computer ( Java Edition ),Cracked
16,Computer ( Java Edition ),Paid Version
17,Mobile ( bedrock version ),Paid Version
15,Computer ( Java Edition ),Cracked
14,Computer ( Java Edition ),Cracked
24,Computer ( Java Edition ),Cracked
17,Computer ( Java Edition ),Cracked
18,Mobile ( bedrock version ),Paid Version
17,Computer ( Java Edition ),Cracked
17,Mobile ( bedrock version ),Cracked
15,Computer ( Java Edition ),Cracked
17,Computer ( Java Edition ),Cracked
20,Mobile ( bedrock version ),Cracked
18,Computer ( Java Edition ),Cracked
15,Mobile ( bedrock version ),Cracked
15,Computer ( Java Edition ),Cracked
16,Computer ( Java Edition ),Cracked
18,Mobile ( bedrock version ),Cracked
21,Computer ( Java Edition ),Paid Version
14,Computer ( Java Edition ),Cracked
17,Computer ( Java Edition ),Cracked
16,Computer ( Java Edition ),Cracked
16,Mobile ( bedrock version ),Paid Version
16,Computer ( Java Edition ),Paid Version
21,Mobile ( bedrock version ),Cracked
13,Mobile ( bedrock version ),Cracked
17,Computer ( Java Edition ),Cracked
19,Mobile ( bedrock version ),Paid Version
21,Computer ( Java Edition ),Cracked
14,Computer ( Java Edition ),Paid Version
14,Mobile ( bedrock version ),Cracked
22,Computer ( Java Edition ),Paid Version
17,Computer ( Java Edition ),Cracked
18,Computer ( Java Edition ),Cracked
16,Computer ( Java Edition ),Paid Version
18,Computer ( Java Edition ),Cracked
1,Computer ( Java Edition ),Cracked
16,Mobile ( bedrock version ),Cracked
15,Computer ( Java Edition ),Cracked
17,Mobile ( bedrock version ),Cracked
18,Computer ( Java Edition ),Cracked
20,Computer ( Java Edition ),Cracked
17,Computer ( Java Edition ),Cracked
16,Computer ( Java Edition ),Cracked
15,Mobile ( bedrock version ),Paid Version
2,Computer ( Java Edition ),Cracked
16,Computer ( Java Edition ),Cracked
2,Computer ( Java Edition ),Cracked
15,Computer ( Java Edition ),Cracked
15,Computer ( Java Edition ),Cracked
23,Mobile ( bedrock version ),Cracked
16,Computer ( Java Edition ),Cracked
15,Computer ( Java Edition ),Cracked
15,Computer ( Java Edition ),Cracked
17,Computer ( Java Edition ),Cracked
15,Computer ( Java Edition ),Cracked
16,Computer ( Java Edition ),Cracked
20,Computer ( Java Edition ),Cracked
17,Computer ( Java Edition ),Cracked
15,Computer ( Java Edition ),Cracked
15,Computer ( Java Edition ),Cracked
18,Computer ( Java Edition ),Paid Version
14,Computer ( Java Edition ),Cracked
16,Computer ( Java Edition ),Cracked
22,Mobile ( bedrock version ),Cracked
16,Computer ( Java Edition ),Cracked
22,Mobile ( bedrock version ),Cracked
17,Computer ( Java Edition ),Cracked
18,Mobile ( bedrock version ),Cracked
17,Computer ( Java Edition ),Cracked
16,Computer ( Java Edition ),Cracked
20,Mobile ( bedrock version ),Cracked
18,Computer ( Java Edition ),Cracked
17,Mobile ( bedrock version ),Cracked
18,Mobile ( bedrock version ),Paid Version
20,Mobile ( bedrock version ),Cracked
15,Mobile ( bedrock version ),Paid Version
15,Computer ( Java Edition ),Cracked
14,Computer ( Java Edition ),Paid Version
23,Computer ( Java Edition ),Cracked
14,Mobile ( bedrock version ),Cracked
15,Mobile ( bedrock version ),Cracked
14,Computer ( Java Edition ),Cracked
16,Computer ( Java Edition ),Cracked
17,Computer ( Java Edition ),Cracked
17,Computer ( Java Edition ),Paid Version
18,Mobile ( bedrock version ),Cracked
17,Mobile ( bedrock version ),Cracked
16,Computer ( Java Edition ),Paid Version
13,Computer ( Java Edition ),Cracked
22,Computer ( Java Edition ),Cracked
15,Computer ( Java Edition ),Paid Version
16,Computer ( Java Edition ),Cracked
17,Computer ( Java Edition ),Cracked
18,Computer ( Java Edition ),Cracked
14,Computer ( Java Edition ),Cracked
15,Computer ( Java Edition ),Cracked
14,Mobile ( bedrock version ),Cracked
15,Mobile ( bedrock version ),Paid Version
13,Mobile ( bedrock version ),Cracked
15,Mobile ( bedrock version ),Cracked
15,Computer ( Java Edition ),Cracked
14,Computer ( Java Edition ),Cracked
14,Computer ( Java Edition ),Cracked
15,Mobile ( bedrock version ),Cracked
14,Computer ( Java Edition ),Paid Version
14,Computer ( Java Edition ),Cracked
18,Computer ( Java Edition ),Paid Version
17,Computer ( Java Edition ),Cracked
14,Computer ( Java Edition ),Cracked
17,Computer ( Java Edition ),Cracked
16,Mobile ( bedrock version ),Paid Version
17,Mobile ( bedrock version ),Cracked
15,Computer ( Java Edition ),Cracked
15,Computer ( Java Edition ),Paid Version
14,Computer ( Java Edition ),Cracked
22,Computer ( Java Edition ),Cracked
25,Computer ( Java Edition ),Cracked
17,Computer ( Java Edition ),Cracked
15,Computer ( Java Edition ),Cracked
23,Computer ( Java Edition ),Paid Version
25,Computer ( Java Edition ),Cracked
14,Computer ( Java Edition ),Cracked
14,Computer ( Java Edition ),Cracked
17,Computer ( Java Edition ),Cracked
14,Mobile ( bedrock version ),Cracked
17,Mobile ( bedrock version ),Cracked
15,Computer ( Java Edition ),Cracked
15,Mobile ( bedrock version ),Cracked
1,Computer ( Java Edition ),Paid Version
17,Computer ( Java Edition ),Cracked
15,Mobile ( bedrock version ),Paid Version
22,Computer ( Java Edition ),Cracked
15,Computer ( Java Edition ),Paid Version
17,Mobile ( bedrock version ),Cracked
15,Computer ( Java Edition ),Cracked
17,Mobile ( bedrock version ),Cracked
16,Computer ( Java Edition ),Cracked
17,Computer ( Java Edition ),Cracked
14,Computer ( Java Edition ),Paid Version
22,Computer ( Java Edition ),Cracked
14,Computer ( Java Edition ),Cracked
19,Mobile ( bedrock version ),Cracked
16,Computer ( Java Edition ),Cracked
21,Mobile ( bedrock version ),Paid Version
17,Computer ( Java Edition ),Cracked
2,Mobile ( bedrock version ),Cracked
17,Computer ( Java Edition ),Cracked
14,Mobile ( bedrock version ),Cracked
18,Computer ( Java Edition ),Cracked
18,Computer ( Java Edition ),Cracked
15,Mobile ( bedrock version ),Cracked
2,Computer ( Java Edition ),Cracked
18,Computer ( Java Edition ),Cracked
24,Computer ( Java Edition ),Paid Version
19,Computer ( Java Edition ),Cracked
15,Mobile ( bedrock version ),Cracked
16,Computer ( Java Edition ),Cracked
20,Computer ( Java Edition ),Cracked
15,Computer ( Java Edition ),Cracked
20,Mobile ( bedrock version ),Cracked
17,Mobile ( bedrock version ),Cracked
15,Mobile ( bedrock version ),Paid Version
17,Mobile ( bedrock version ),Cracked
17,Computer ( Java Edition ),Cracked
22,Mobile ( bedrock version ),Cracked
19,Computer ( Java Edition ),Cracked
13,Mobile ( bedrock version ),Cracked
18,Mobile ( bedrock version ),Paid Version
15,Computer ( Java Edition ),Cracked
17,Computer ( Java Edition ),Cracked
19,Computer ( Java Edition ),Cracked
12,Computer ( Java Edition ),Cracked
17,Computer ( Java Edition ),Cracked
16,Mobile ( bedrock version ),Paid Version
15,Computer ( Java Edition ),Cracked
18,Computer ( Java Edition ),Cracked
14,Computer ( Java Edition ),Cracked
16,Computer ( Java Edition ),Cracked
17,Computer ( Java Edition ),Cracked
15,Computer ( Java Edition ),Cracked
16,Mobile ( bedrock version ),Paid Version
19,Computer ( Java Edition ),Cracked
12,Computer ( Java Edition ),Cracked
13,Computer ( Java Edition ),Cracked
18,Computer ( Java Edition ),Cracked
18,Computer ( Java Edition ),Cracked
17,Mobile ( bedrock version ),Paid Version
18,Computer ( Java Edition ),Cracked
16,Computer ( Java Edition ),Cracked
20,Computer ( Java Edition ),Cracked
16,Computer ( Java Edition ),Cracked
14,Computer ( Java Edition ),Cracked
18,Computer ( Java Edition ),Cracked
15,Computer ( Java Edition ),Cracked
12,Computer ( Java Edition ),Cracked
12,Computer ( Java Edition ),Cracked
17,Computer ( Java Edition ),Cracked
8,Computer ( Java Edition ),Cracked
16,Computer ( Java Edition ),Cracked
19,Computer ( Java Edition ),Cracked
14,Computer ( Java Edition ),Cracked
19,Computer ( Java Edition ),Cracked
16,Mobile ( bedrock version ),Paid Version
18,Mobile ( bedrock version ),Cracked
15,Mobile ( bedrock version ),Cracked
17,Computer ( Java Edition ),Cracked
19,Computer ( Java Edition ),Paid Version
16,Mobile ( bedrock version ),Paid Version
19,Computer ( Java Edition ),Cracked
14,Computer ( Java Edition ),Cracked
19,Computer ( Java Edition ),Paid Version
15,Computer ( Java Edition ),Paid Version
17,Computer ( Java Edition ),Paid Version
23,Mobile ( bedrock version ),Cracked
17,Computer ( Java Edition ),Cracked
20,Computer ( Java Edition ),Cracked
16,Mobile ( bedrock version ),Cracked
15,Computer ( Java Edition ),Cracked
17,Computer ( Java Edition ),Cracked
16,Computer ( Java Edition ),Paid Version
16,Computer ( Java Edition ),Cracked
19,Computer ( Java Edition ),Cracked
15,Mobile ( bedrock version ),Cracked
14,Computer ( Java Edition ),Paid Version
14,Computer ( Java Edition ),Paid Version
16,Computer ( Java Edition ),Cracked
17,Computer ( Java Edition ),Cracked
17,Computer ( Java Edition ),Cracked
14,Computer ( Java Edition ),Cracked
1,Computer ( Java Edition ),Cracked
16,Computer ( Java Edition ),Cracked
17,Mobile ( bedrock version ),Paid Version
13,Computer ( Java Edition ),Cracked
16,Computer ( Java Edition ),Cracked
15,Mobile ( bedrock version ),Paid Version
22,Computer ( Java Edition ),Paid Version
14,Mobile ( bedrock version ),Cracked
17,Mobile ( bedrock version ),Paid Version
16,Computer ( Java Edition ),Cracked
21,Mobile ( bedrock version ),Cracked
19,Computer ( Java Edition ),Paid Version
1,Computer ( Java Edition ),Cracked
16,Computer ( Java Edition ),Paid Version
22,Computer ( Java Edition ),Cracked
16,Computer ( Java Edition ),Cracked
17,Computer ( Java Edition ),Cracked
16,Computer ( Java Edition ),Cracked
17,Computer ( Java Edition ),Cracked
15,Computer ( Java Edition ),Cracked
19,Computer ( Java Edition ),Cracked
15,Mobile ( bedrock version ),Cracked
22,Computer ( Java Edition ),Cracked
12,Computer ( Java Edition ),Cracked
15,Computer ( Java Edition ),Cracked
14,Computer ( Java Edition ),Cracked
15,Mobile ( bedrock version ),Cracked
14,Computer ( Java Edition ),Cracked
17,Computer ( Java Edition ),Cracked
18,Mobile ( bedrock version ),Paid Version
15,Mobile ( bedrock version ),Cracked
16,Computer ( Java Edition ),Cracked
13,Computer ( Java Edition ),Cracked
21,Computer ( Java Edition ),Cracked
17,Computer ( Java Edition ),Cracked
12,Computer ( Java Edition ),Cracked
14,Computer ( Java Edition ),Cracked
17,Mobile ( bedrock version ),Cracked
16,Mobile ( bedrock version ),Paid Version
17,Computer ( Java Edition ),Cracked
15,Computer ( Java Edition ),Cracked
16,Computer ( Java Edition ),Cracked
17,Computer ( Java Edition ),Cracked
13,Computer ( Java Edition ),Cracked
20,Mobile ( bedrock version ),Cracked
18,Mobile ( bedrock version ),Paid Version
16,Computer ( Java Edition ),Cracked
17,Mobile ( bedrock version ),Cracked
17,Mobile ( bedrock version ),Cracked
19,Computer ( Java Edition ),Cracked
14,Computer ( Java Edition ),Cracked
15,Computer ( Java Edition ),Cracked
13,Computer ( Java Edition ),Cracked
16,Computer ( Java Edition ),Cracked
17,Computer ( Java Edition ),Cracked
1,Computer ( Java Edition ),Cracked
20,Computer ( Java Edition ),Cracked
19,Computer ( Java Edition ),Cracked
21,Mobile ( bedrock version ),Cracked
17,Computer ( Java Edition ),Cracked
17,Computer ( Java Edition ),Cracked
17,Computer ( Java Edition ),Cracked
15,Mobile ( bedrock version ),Cracked
18,Mobile ( bedrock version ),Cracked
16,Computer ( Java Edition ),Cracked
15,Computer ( Java Edition ),Cracked
17,Computer ( Java Edition ),Cracked
14,Computer ( Java Edition ),Cracked
16,Computer ( Java Edition ),Cracked
18,Computer ( Java Edition ),Paid Version
15,Computer ( Java Edition ),Paid Version
20,Computer ( Java Edition ),Cracked
15,Computer ( Java Edition ),Cracked
22,Computer ( Java Edition ),Paid Version
15,Computer ( Java Edition ),Cracked
13,Computer ( Java Edition ),Cracked
15,Computer ( Java Edition ),Cracked
16,Computer ( Java Edition ),Cracked
20,Mobile ( bedrock version ),Cracked
19,Mobile ( bedrock version ),Paid Version
15,Computer ( Java Edition ),Cracked
16,Mobile ( bedrock version ),Cracked
18,Computer ( Java Edition ),Paid Version
17,Mobile ( bedrock version ),Cracked
14,Computer ( Java Edition ),Cracked
15,Computer ( Java Edition ),Paid Version
18,Computer ( Java Edition ),Cracked
17,Computer ( Java Edition ),Cracked
14,Computer ( Java Edition ),Cracked
19,Computer ( Java Edition ),Cracked
18,Computer ( Java Edition ),Cracked
17,Computer ( Java Edition ),Cracked
18,Mobile ( bedrock version ),Cracked
16,Mobile ( bedrock version ),Cracked
17,Computer ( Java Edition ),Cracked
16,Computer ( Java Edition ),Paid Version
19,Computer ( Java Edition ),Cracked
16,Computer ( Java Edition ),Cracked
14,Computer ( Java Edition ),Cracked
16,Computer ( Java Edition ),Cracked
21,Computer ( Java Edition ),Paid Version
16,Computer ( Java Edition ),Cracked
19,Mobile ( bedrock version ),Paid Version
14,Computer ( Java Edition ),Cracked
20,Computer ( Java Edition ),Paid Version
21,Computer ( Java Edition ),Cracked
16,Computer ( Java Edition ),Cracked
16,Mobile ( bedrock version ),Paid Version
18,Computer ( Java Edition ),Cracked
19,Computer ( Java Edition ),Cracked
16,Mobile ( bedrock version ),Cracked
13,Computer ( Java Edition ),Cracked
16,Mobile ( bedrock version ),Cracked
17,Computer ( Java Edition ),Cracked
16,Computer ( Java Edition ),Cracked
21,Mobile ( bedrock version ),Paid Version
17,Computer ( Java Edition ),Cracked
18,Computer ( Java Edition ),Cracked
13,Computer ( Java Edition ),Cracked
22,Computer ( Java Edition ),Cracked
18,Computer ( Java Edition ),Cracked
14,Computer ( Java Edition ),Cracked
17,Computer ( Java Edition ),Cracked
14,Computer ( Java Edition ),Cracked
15,Computer ( Java Edition ),Cracked
15,Computer ( Java Edition ),Cracked
14,Computer ( Java Edition ),Cracked
14,Computer ( Java Edition ),Cracked
17,Mobile ( bedrock version ),Cracked
17,Computer ( Java Edition ),Cracked
16,Computer ( Java Edition ),Cracked
16,Computer ( Java Edition ),Cracked
13,Computer ( Java Edition ),Cracked
18,Computer ( Java Edition ),Cracked
15,Computer ( Java Edition ),Paid Version
18,Computer ( Java Edition ),Cracked
16,Computer ( Java Edition ),Cracked
17,Computer ( Java Edition ),Cracked
15,Computer ( Java Edition ),Paid Version
19,Computer ( Java Edition ),Cracked
22,Computer ( Java Edition ),Cracked
14,Computer ( Java Edition ),Cracked
17,Computer ( Java Edition ),Paid Version
17,Mobile ( bedrock version ),Cracked
17,Mobile ( bedrock version ),Paid Version
17,Computer ( Java Edition ),Cracked
19,Computer ( Java Edition ),Cracked
28,Mobile ( bedrock version ),Cracked
17,Computer ( Java Edition ),Cracked
14,Computer ( Java Edition ),Cracked
14,Computer ( Java Edition ),Paid Version
16,Computer ( Java Edition ),Cracked
15,Computer ( Java Edition ),Cracked
19,Computer ( Java Edition ),Cracked
25,Computer ( Java Edition ),Cracked
14,Computer ( Java Edition ),Cracked
16,Computer ( Java Edition ),Cracked
15,Computer ( Java Edition ),Cracked
13,Computer ( Java Edition ),Cracked
22,Computer ( Java Edition ),Paid Version
17,Computer ( Java Edition ),Cracked
15,Mobile ( bedrock version ),Cracked
15,Computer ( Java Edition ),Cracked
15,Computer ( Java Edition ),Cracked
17,Computer ( Java Edition ),Cracked
24,Mobile ( bedrock version ),Paid Version
21,Computer ( Java Edition ),Cracked
17,Mobile ( bedrock version ),Cracked
17,Mobile ( bedrock version ),Cracked
15,Computer ( Java Edition ),Cracked
14,Mobile ( bedrock version ),Cracked
16,Computer ( Java Edition ),Cracked
13,Mobile ( bedrock version ),Cracked
16,Computer ( Java Edition ),Cracked
17,Computer ( Java Edition ),Cracked
15,Computer ( Java Edition ),Cracked
14,Mobile ( bedrock version ),Cracked
17,Computer ( Java Edition ),Cracked
14,Mobile ( bedrock version ),Cracked
17,Computer ( Java Edition ),Cracked
22,Mobile ( bedrock version ),Paid Version
16,Computer ( Java Edition ),Cracked
22,Mobile ( bedrock version ),Paid Version
15,Computer ( Java Edition ),Cracked
14,Computer ( Java Edition ),Cracked
16,Computer ( Java Edition ),Cracked
22,Mobile ( bedrock version ),Cracked
15,Mobile ( bedrock version ),Cracked
13,Computer ( Java Edition ),Cracked
22,Computer ( Java Edition ),Cracked
16,Mobile ( bedrock version ),Cracked
12,Computer ( Java Edition ),Cracked
18,Mobile ( bedrock version ),Cracked
22,Mobile ( bedrock version ),Cracked
13,Computer ( Java Edition ),Cracked
23,Mobile ( bedrock version ),Cracked
20,Computer ( Java Edition ),Cracked
23,Computer ( Java Edition ),Cracked
17,Mobile ( bedrock version ),Paid Version
17,Computer ( Java Edition ),Cracked
14,Computer ( Java Edition ),Paid Version
22,Mobile ( bedrock version ),Paid Version
17,Computer ( Java Edition ),Cracked
17,Mobile ( bedrock version ),Paid Version
16,Mobile ( bedrock version ),Cracked
17,Computer ( Java Edition ),Cracked
18,Computer ( Java Edition ),Cracked
15,Computer ( Java Edition ),Cracked
18,Computer ( Java Edition ),Cracked
15,Mobile ( bedrock version ),Cracked
16,Computer ( Java Edition ),Cracked
39,Computer ( Java Edition ),Cracked
31,Mobile ( bedrock version ),Cracked
22,Mobile ( bedrock version ),Paid Version
16,Computer ( Java Edition ),Cracked
20,Computer ( Java Edition ),Cracked
22,Mobile ( bedrock version ),Cracked
18,Computer ( Java Edition ),Cracked
16,Computer ( Java Edition ),Cracked
17,Mobile ( bedrock version ),Cracked
14,Computer ( Java Edition ),Cracked
17,Mobile ( bedrock version ),Cracked
15,Computer ( Java Edition ),Cracked
16,Mobile ( bedrock version ),Cracked
17,Computer ( Java Edition ),Cracked
18,Mobile ( bedrock version ),Cracked
18,Computer ( Java Edition ),Cracked
21,Computer ( Java Edition ),Cracked
17,Computer ( Java Edition ),Cracked
16,Computer ( Java Edition ),Cracked
1,Computer ( Java Edition ),Paid Version
15,Computer ( Java Edition ),Paid Version
20,Mobile ( bedrock version ),Cracked
16,Computer ( Java Edition ),Cracked
16,Computer ( Java Edition ),Cracked
18,Computer ( Java Edition ),Paid Version
18,Computer ( Java Edition ),Paid Version
18,Computer ( Java Edition ),Paid Version
13,Computer ( Java Edition ),Paid Version
17,Computer ( Java Edition ),Cracked
23,Computer ( Java Edition ),Cracked
14,Computer ( Java Edition ),Cracked
14,Computer ( Java Edition ),Cracked
15,Computer ( Java Edition ),Cracked
14,Computer ( Java Edition ),Cracked
15,Computer ( Java Edition ),Cracked
15,Computer ( Java Edition ),Cracked
30,Computer ( Java Edition ),Cracked
15,Computer ( Java Edition ),Cracked
22,Computer ( Java Edition ),Cracked
1,Mobile ( bedrock version ),Paid Version
15,Computer ( Java Edition ),Cracked
18,Computer ( Java Edition ),Cracked
18,Computer ( Java Edition ),Cracked
18,Computer ( Java Edition ),Paid Version
20,Computer ( Java Edition ),Cracked
16,Computer ( Java Edition ),Cracked
16,Computer ( Java Edition ),Cracked
17,Computer ( Java Edition ),Cracked
18,Computer ( Java Edition ),Paid Version
16,Computer ( Java Edition ),Cracked
15,Computer ( Java Edition ),Paid Version
16,Computer ( Java Edition ),Cracked
20,Computer ( Java Edition ),Cracked
13,Mobile ( bedrock version ),Cracked
16,Mobile ( bedrock version ),Paid Version
16,Computer ( Java Edition ),Cracked
18,Computer ( Java Edition ),Cracked
15,Computer ( Java Edition ),Paid Version
16,Computer ( Java Edition ),Cracked
15,Computer ( Java Edition ),Cracked
16,Computer ( Java Edition ),Cracked
18,Computer ( Java Edition ),Cracked
15,Computer ( Java Edition ),Cracked
17,Computer ( Java Edition ),Cracked
14,Computer ( Java Edition ),Cracked
15,Computer ( Java Edition ),Cracked
18,Computer ( Java Edition ),Cracked
16,Computer ( Java Edition ),Cracked
20,Mobile ( bedrock version ),Cracked
17,Mobile ( bedrock version ),Cracked
15,Mobile ( bedrock version ),Paid Version
18,Computer ( Java Edition ),Paid Version
16,Computer ( Java Edition ),Cracked
15,Mobile ( bedrock version ),Paid Version
16,Computer ( Java Edition ),Cracked
18,Computer ( Java Edition ),Cracked
17,Computer ( Java Edition ),Cracked
23,Computer ( Java Edition ),Cracked
16,Computer ( Java Edition ),Cracked
17,Computer ( Java Edition ),Cracked
14,Computer ( Java Edition ),Paid Version
1,Mobile ( bedrock version ),Cracked
15,Computer ( Java Edition ),Cracked
16,Computer ( Java Edition ),Cracked
16,Computer ( Java Edition ),Paid Version
20,Computer ( Java Edition ),Cracked
22,Computer ( Java Edition ),Cracked
17,Computer ( Java Edition ),Cracked
2,Mobile ( bedrock version ),Cracked
16,Computer ( Java Edition ),Cracked
15,Computer ( Java Edition ),Paid Version
16,Computer ( Java Edition ),Cracked
18,Computer ( Java Edition ),Cracked
12,Computer ( Java Edition ),Cracked
18,Mobile ( bedrock version ),Paid Version
17,Computer ( Java Edition ),Paid Version
16,Mobile ( bedrock version ),Cracked
43,Computer ( Java Edition ),Cracked
17,Computer ( Java Edition ),Cracked
16,Computer ( Java Edition ),Cracked
14,Computer ( Java Edition ),Cracked
18,Computer ( Java Edition ),Cracked
18,Mobile ( bedrock version ),Paid Version
15,Computer ( Java Edition ),Cracked
19,Mobile ( bedrock version ),Paid Version
15,Mobile ( bedrock version ),Paid Version
20,Mobile ( bedrock version ),Cracked
15,Computer ( Java Edition ),Cracked
43,Computer ( Java Edition ),Cracked
15,Mobile ( bedrock version ),Cracked
16,Computer ( Java Edition ),Cracked
16,Mobile ( bedrock version ),Cracked
1,Mobile ( bedrock version ),Paid Version
17,Mobile ( bedrock version ),Cracked
17,Computer ( Java Edition ),Cracked
16,Computer ( Java Edition ),Paid Version
17,Computer ( Java Edition ),Cracked
18,Mobile ( bedrock version ),Cracked
16,Computer ( Java Edition ),Cracked
20,Computer ( Java Edition ),Cracked
15,Computer ( Java Edition ),Cracked
39,Computer ( Java Edition ),Cracked
16,Mobile ( bedrock version ),Paid Version
16,Mobile ( bedrock version ),Paid Version
15,Computer ( Java Edition ),Cracked
15,Mobile ( bedrock version ),Cracked
17,Mobile ( bedrock version ),Paid Version
15,Mobile ( bedrock version ),Cracked
17,Computer ( Java Edition ),Cracked
15,Computer ( Java Edition ),Cracked
15,Computer ( Java Edition ),Cracked
20,Computer ( Java Edition ),Paid Version
15,Computer ( Java Edition ),Cracked
18,Computer ( Java Edition ),Cracked
16,Mobile ( bedrock version ),Paid Version
18,Mobile ( bedrock version ),Paid Version
18,Computer ( Java Edition ),Paid Version
15,Computer ( Java Edition ),Cracked
15,Computer ( Java Edition ),Paid Version
19,Computer ( Java Edition ),Cracked
16,Computer ( Java Edition ),Cracked
22,Mobile ( bedrock version ),Paid Version
14,Computer ( Java Edition ),Cracked
16,Computer ( Java Edition ),Paid Version
21,Computer ( Java Edition ),Cracked
15,Computer ( Java Edition ),Cracked
22,Computer ( Java Edition ),Paid Version
20,Computer ( Java Edition ),Paid Version
16,Computer ( Java Edition ),Cracked
20,Computer ( Java Edition ),Cracked
14,Computer ( Java Edition ),Paid Version
16,Computer ( Java Edition ),Cracked
17,Mobile ( bedrock version ),Cracked
17,Computer ( Java Edition ),Paid Version
17,Mobile ( bedrock version ),Cracked
17,Computer ( Java Edition ),Cracked
18,Computer ( Java Edition ),Cracked
15,Computer ( Java Edition ),Cracked
15,Computer ( Java Edition ),Cracked
15,Computer ( Java Edition ),Cracked
17,Mobile ( bedrock version ),Cracked
15,Computer ( Java Edition ),Paid Version
13,Computer ( Java Edition ),Cracked
17,Mobile ( bedrock version ),Cracked
17,Computer ( Java Edition ),Cracked
17,Mobile ( bedrock version ),Cracked
19,Mobile ( bedrock version ),Cracked
17,Mobile ( bedrock version ),Cracked
19,Computer ( Java Edition ),Cracked
17,Mobile ( bedrock version ),Cracked
16,Computer ( Java Edition ),Paid Version
18,Computer ( Java Edition ),Paid Version
17,Computer ( Java Edition ),Cracked
16,Computer ( Java Edition ),Cracked
16,Computer ( Java Edition ),Cracked
15,Mobile ( bedrock version ),Cracked
18,Computer ( Java Edition ),Cracked
18,Computer ( Java Edition ),Cracked
14,Computer ( Java Edition ),Cracked
22,Mobile ( bedrock version ),Cracked
16,Mobile ( bedrock version ),Paid Version
43,Computer ( Java Edition ),Cracked
16,Computer ( Java Edition ),Cracked
17,Computer ( Java Edition ),Cracked
23,Mobile ( bedrock version ),Cracked
18,Computer ( Java Edition ),Cracked
15,Computer ( Java Edition ),Cracked
16,Mobile ( bedrock version ),Cracked
17,Mobile ( bedrock version ),Paid Version
18,Computer ( Java Edition ),Cracked
17,Computer ( Java Edition ),Cracked
17,Mobile ( bedrock version ),Cracked
15,Computer ( Java Edition ),Cracked
16,Computer ( Java Edition ),Paid Version
16,Computer ( Java Edition ),Cracked
15,Computer ( Java Edition ),Cracked
23,Computer ( Java Edition ),Cracked
18,Computer ( Java Edition ),Cracked
22,Computer ( Java Edition ),Paid Version
16,Computer ( Java Edition ),Cracked
17,Computer ( Java Edition ),Cracked
22,Computer ( Java Edition ),Paid Version
24,Computer ( Java Edition ),Cracked
25,Computer ( Java Edition ),Cracked
18,Computer ( Java Edition ),Cracked
22,Computer ( Java Edition ),Cracked
21,Computer ( Java Edition ),Cracked
16,Computer ( Java Edition ),Paid Version
18,Computer ( Java Edition ),Paid Version
23,Computer ( Java Edition ),Cracked
17,Mobile ( bedrock version ),Cracked
18,Computer ( Java Edition ),Cracked
17,Computer ( Java Edition ),Cracked
14,Computer ( Java Edition ),Cracked
15,Computer ( Java Edition ),Cracked
15,Mobile ( bedrock version ),Cracked
17,Computer ( Java Edition ),Cracked
18,Computer ( Java Edition ),Cracked
16,Mobile ( bedrock version ),Paid Version
15,Computer ( Java Edition ),Paid Version
15,Computer ( Java Edition ),Cracked
24,Computer ( Java Edition ),Cracked
11,Computer ( Java Edition ),Cracked
15,Mobile ( bedrock version ),Paid Version
15,Computer ( Java Edition ),Cracked
22,Computer ( Java Edition ),Cracked
16,Mobile ( bedrock version ),Paid Version
22,Computer ( Java Edition ),Cracked
16,Computer ( Java Edition ),Cracked
16,Computer ( Java Edition ),Cracked
2,Computer ( Java Edition ),Cracked
16,Computer ( Java Edition ),Cracked
15,Mobile ( bedrock version ),Paid Version
14,Computer ( Java Edition ),Cracked
15,Computer ( Java Edition ),Cracked
23,Computer ( Java Edition ),Cracked
15,Mobile ( bedrock version ),Paid Version
18,Computer ( Java Edition ),Cracked
18,Computer ( Java Edition ),Cracked
18,Computer ( Java Edition ),Cracked
18,Computer ( Java Edition ),Cracked
21,Mobile ( bedrock version ),Paid Version
18,Computer ( Java Edition ),Cracked
1,Computer ( Java Edition ),Cracked
17,Mobile ( bedrock version ),Paid Version
16,Computer ( Java Edition ),Paid Version
20,Computer ( Java Edition ),Cracked
19,Computer ( Java Edition ),Cracked
17,Computer ( Java Edition ),Cracked
18,Computer ( Java Edition ),Cracked
18,Computer ( Java Edition ),Cracked
16,Computer ( Java Edition ),Cracked
16,Computer ( Java Edition ),Cracked
18,Computer ( Java Edition ),Cracked
21,Computer ( Java Edition ),Cracked
15,Computer ( Java Edition ),Cracked
15,Computer ( Java Edition ),Cracked
21,Mobile ( bedrock version ),Cracked
16,Computer ( Java Edition ),Paid Version
17,Computer ( Java Edition ),Cracked
14,Computer ( Java Edition ),Paid Version
16,Computer ( Java Edition ),Cracked
17,Computer ( Java Edition ),Paid Version
16,Computer ( Java Edition ),Cracked
17,Computer ( Java Edition ),Paid Version
20,Computer ( Java Edition ),Paid Version
18,Mobile ( bedrock version ),Cracked
16,Computer ( Java Edition ),Cracked
27,Computer ( Java Edition ),Paid Version
17,Computer ( Java Edition ),Cracked
29,Mobile ( bedrock version ),Cracked
16,Computer ( Java Edition ),Cracked
13,Computer ( Java Edition ),Cracked
16,Computer ( Java Edition ),Cracked
17,Computer ( Java Edition ),Cracked
16,Computer ( Java Edition ),Cracked
17,Computer ( Java Edition ),Cracked
15,Computer ( Java Edition ),Cracked
16,Computer ( Java Edition ),Cracked
16,Mobile ( bedrock version ),Cracked
23,Computer ( Java Edition ),Cracked
13,Computer ( Java Edition ),Cracked
19,Computer ( Java Edition ),Paid Version
22,Mobile ( bedrock version ),Cracked
18,Computer ( Java Edition ),Cracked
17,Computer ( Java Edition ),Cracked
16,Computer ( Java Edition ),Cracked
15,Computer ( Java Edition ),Cracked
20,Computer ( Java Edition ),Paid Version
2,Computer ( Java Edition ),Cracked
15,Computer ( Java Edition ),Cracked
18,Computer ( Java Edition ),Cracked
16,Computer ( Java Edition ),Cracked
17,Mobile ( bedrock version ),Paid Version
15,Mobile ( bedrock version ),Cracked
17,Computer ( Java Edition ),Cracked
16,Computer ( Java Edition ),Paid Version
16,Computer ( Java Edition ),Cracked
15,Computer ( Java Edition ),Cracked
17,Computer ( Java Edition ),Cracked
16,Computer ( Java Edition ),Paid Version
15,Computer ( Java Edition ),Cracked
17,Computer ( Java Edition ),Cracked
16,Computer ( Java Edition ),Cracked
15,Computer ( Java Edition ),Cracked
14,Computer ( Java Edition ),Paid Version
28,Computer ( Java Edition ),Cracked
17,Computer ( Java Edition ),Cracked
16,Computer ( Java Edition ),Cracked
17,Computer ( Java Edition ),Cracked
16,Computer ( Java Edition ),Cracked
13,Computer ( Java Edition ),Cracked
15,Mobile ( bedrock version ),Cracked
15,Computer ( Java Edition ),Cracked
17,Computer ( Java Edition ),Cracked
17,Computer ( Java Edition ),Cracked
15,Computer ( Java Edition ),Cracked
23,Computer ( Java Edition ),Paid Version
22,Computer ( Java Edition ),Cracked
16,Computer ( Java Edition ),Cracked
17,Computer ( Java Edition ),Cracked
15,Computer ( Java Edition ),Cracked
15,Computer ( Java Edition ),Paid Version
17,Computer ( Java Edition ),Paid Version
17,Computer ( Java Edition ),Cracked
16,Computer ( Java Edition ),Cracked
15,Computer ( Java Edition ),Paid Version
27,Computer ( Java Edition ),Cracked
21,Computer ( Java Edition ),Paid Version
17,Computer ( Java Edition ),Cracked
17,Computer ( Java Edition ),Paid Version
36,Computer ( Java Edition ),Paid Version
15,Computer ( Java Edition ),Cracked
16,Computer ( Java Edition ),Cracked
17,Mobile ( bedrock version ),Paid Version
19,Computer ( Java Edition ),Cracked
21,Computer ( Java Edition ),Cracked
17,Computer ( Java Edition ),Paid Version
13,Computer ( Java Edition ),Paid Version
16,Computer ( Java Edition ),Cracked
15,Computer ( Java Edition ),Cracked
15,Computer ( Java Edition ),Cracked
18,Mobile ( bedrock version ),Cracked
18,Mobile ( bedrock version ),Paid Version
14,Computer ( Java Edition ),Cracked
20,Computer ( Java Edition ),Cracked
23,Computer ( Java Edition ),Cracked
21,Computer ( Java Edition ),Cracked
20,Computer ( Java Edition ),Cracked
18,Computer ( Java Edition ),Cracked
17,Computer ( Java Edition ),Cracked
17,Computer ( Java Edition ),Cracked
17,Mobile ( bedrock version ),Cracked
17,Computer ( Java Edition ),Cracked
17,Computer ( Java Edition ),Paid Version
15,Computer ( Java Edition ),Cracked
17,Computer ( Java Edition ),Paid Version
15,Computer ( Java Edition ),Cracked
22,Computer ( Java Edition ),Cracked
18,Computer ( Java Edition ),Cracked
20,Computer ( Java Edition ),Cracked
15,Computer ( Java Edition ),Cracked
17,Computer ( Java Edition ),Cracked
22,Computer ( Java Edition ),Cracked
16,Computer ( Java Edition ),Cracked
20,Computer ( Java Edition ),Cracked
14,Computer ( Java Edition ),Cracked
23,Computer ( Java Edition ),Paid Version
14,Computer ( Java Edition ),Paid Version
14,Computer ( Java Edition ),Cracked
16,Computer ( Java Edition ),Cracked
15,Computer ( Java Edition ),Cracked
15,Computer ( Java Edition ),Cracked
1,Computer ( Java Edition ),Cracked
19,Mobile ( bedrock version ),Cracked
17,Computer ( Java Edition ),Cracked
16,Mobile ( bedrock version ),Cracked
14,Mobile ( bedrock version ),Paid Version
16,Computer ( Java Edition ),Paid Version
17,Computer ( Java Edition ),Paid Version
14,Computer ( Java Edition ),Cracked
18,Computer ( Java Edition ),Cracked
14,Computer ( Java Edition ),Cracked
17,Computer ( Java Edition ),Cracked
14,Computer ( Java Edition ),Cracked
20,Computer ( Java Edition ),Cracked
16,Computer ( Java Edition ),Paid Version
16,Computer ( Java Edition ),Cracked
12,Computer ( Java Edition ),Paid Version
16,Computer ( Java Edition ),Cracked
15,Computer ( Java Edition ),Cracked
15,Computer ( Java Edition ),Cracked
17,Computer ( Java Edition ),Cracked
14,Computer ( Java Edition ),Cracked
15,Computer ( Java Edition ),Cracked
17,Computer ( Java Edition ),Cracked
17,Mobile ( bedrock version ),Cracked
14,Computer ( Java Edition ),Cracked
21,Computer ( Java Edition ),Paid Version
16,Mobile ( bedrock version ),Cracked
14,Mobile ( bedrock version ),Cracked
23,Computer ( Java Edition ),Cracked
15,Computer ( Java Edition ),Cracked
16,Computer ( Java Edition ),Cracked
18,Computer ( Java Edition ),Cracked
14,Computer ( Java Edition ),Cracked
17,Computer ( Java Edition ),Cracked
31,Computer ( Java Edition ),Cracked
14,Computer ( Java Edition ),Cracked
18,Computer ( Java Edition ),Cracked
16,Mobile ( bedrock version ),Paid Version
18,Computer ( Java Edition ),Cracked
16,Computer ( Java Edition ),Cracked
14,Computer ( Java Edition ),Cracked
21,Computer ( Java Edition ),Cracked
17,Computer ( Java Edition ),Cracked
18,Computer ( Java Edition ),Cracked
27,Computer ( Java Edition ),Cracked
16,Computer ( Java Edition ),Cracked
19,Computer ( Java Edition ),Cracked
19,Computer ( Java Edition ),Paid Version
22,Computer ( Java Edition ),Cracked
18,Computer ( Java Edition ),Cracked
14,Computer ( Java Edition ),Paid Version
16,Computer ( Java Edition ),Paid Version
18,Computer ( Java Edition ),Paid Version
15,Computer ( Java Edition ),Cracked
15,Computer ( Java Edition ),Cracked
16,Computer ( Java Edition ),Cracked
16,Computer ( Java Edition ),Cracked
2,Mobile ( bedrock version ),Cracked
20,Computer ( Java Edition ),Cracked
16,Computer ( Java Edition ),Paid Version
15,Computer ( Java Edition ),Cracked
14,Computer ( Java Edition ),Cracked
18,Computer ( Java Edition ),Cracked
17,Computer ( Java Edition ),Cracked
17,Mobile ( bedrock version ),Cracked
22,Computer ( Java Edition ),Cracked
18,Computer ( Java Edition ),Cracked
18,Computer ( Java Edition ),Cracked
17,Computer ( Java Edition ),Cracked
15,Computer ( Java Edition ),Cracked
22,Computer ( Java Edition ),Paid Version
21,Computer ( Java Edition ),Cracked
14,Computer ( Java Edition ),Cracked
17,Computer ( Java Edition ),Paid Version
15,Computer ( Java Edition ),Cracked
17,Computer ( Java Edition ),Cracked
15,Computer ( Java Edition ),Cracked
17,Computer ( Java Edition ),Cracked
15,Computer ( Java Edition ),Cracked
15,Computer ( Java Edition ),Paid Version
17,Computer ( Java Edition ),Cracked
14,Computer ( Java Edition ),Paid Version
23,Computer ( Java Edition ),Cracked
18,Computer ( Java Edition ),Cracked
17,Computer ( Java Edition ),Cracked
23,Computer ( Java Edition ),Cracked
15,Computer ( Java Edition ),Paid Version
16,Computer ( Java Edition ),Cracked
18,Mobile ( bedrock version ),Cracked
15,Computer ( Java Edition ),Cracked
19,Computer ( Java Edition ),Cracked
17,Computer ( Java Edition ),Cracked
22,Computer ( Java Edition ),Cracked
19,Computer ( Java Edition ),Paid Version
17,Computer ( Java Edition ),Cracked
17,Computer ( Java Edition ),Cracked
13,Computer ( Java Edition ),Cracked
16,Computer ( Java Edition ),Cracked
19,Mobile ( bedrock version ),Cracked
17,Mobile ( bedrock version ),Cracked
15,Computer ( Java Edition ),Cracked
18,Computer ( Java Edition ),Paid Version
14,Computer ( Java Edition ),Cracked
14,Computer ( Java Edition ),Cracked
17,Computer ( Java Edition ),Cracked
18,Computer ( Java Edition ),Paid Version
16,Computer ( Java Edition ),Cracked
20,Computer ( Java Edition ),Cracked
17,Computer ( Java Edition ),Cracked
13,Computer ( Java Edition ),Cracked
16,Computer ( Java Edition ),Cracked
18,Computer ( Java Edition ),Paid Version
17,Computer ( Java Edition ),Cracked
15,Computer ( Java Edition ),Cracked
12,Computer ( Java Edition ),Cracked
17,Computer ( Java Edition ),Paid Version
16,Computer ( Java Edition ),Cracked
21,Mobile ( bedrock version ),Cracked
18,Computer ( Java Edition ),Cracked
15,Computer ( Java Edition ),Cracked
17,Computer ( Java Edition ),Cracked
22,Computer ( Java Edition ),Cracked
15,Mobile ( bedrock version ),Cracked
16,Computer ( Java Edition ),Cracked
17,Computer ( Java Edition ),Cracked
18,Computer ( Java Edition ),Cracked
19,Computer ( Java Edition ),Cracked
16,Computer ( Java Edition ),Cracked
16,Computer ( Java Edition ),Cracked
16,Computer ( Java Edition ),Cracked
14,Mobile ( bedrock version ),Cracked
16,Computer ( Java Edition ),Cracked
18,Computer ( Java Edition ),Paid Version
23,Computer ( Java Edition ),Cracked
16,Mobile ( bedrock version ),Cracked
17,Computer ( Java Edition ),Cracked
19,Computer ( Java Edition ),Cracked
16,Computer ( Java Edition ),Cracked
12,Computer ( Java Edition ),Cracked
16,Computer ( Java Edition ),Cracked
18,Computer ( Java Edition ),Cracked
22,Computer ( Java Edition ),Cracked
15,Computer ( Java Edition ),Cracked
18,Computer ( Java Edition ),Cracked
18,Computer ( Java Edition ),Cracked
17,Computer ( Java Edition ),Cracked
22,Computer ( Java Edition ),Cracked
17,Computer ( Java Edition ),Paid Version
18,Computer ( Java Edition ),Cracked
18,Mobile ( bedrock version ),Paid Version
26,Computer ( Java Edition ),Cracked
17,Computer ( Java Edition ),Cracked
15,Computer ( Java Edition ),Cracked
13,Computer ( Java Edition ),Cracked
13,Computer ( Java Edition ),Paid Version
20,Computer ( Java Edition ),Cracked
13,Computer ( Java Edition ),Paid Version
16,Computer ( Java Edition ),Cracked
16,Computer ( Java Edition ),Cracked
23,Computer ( Java Edition ),Cracked
17,Computer ( Java Edition ),Paid Version
14,Computer ( Java Edition ),Cracked
17,Computer ( Java Edition ),Cracked
15,Computer ( Java Edition ),Cracked
16,Computer ( Java Edition ),Cracked
21,Computer ( Java Edition ),Cracked
17,Computer ( Java Edition ),Cracked
22,Computer ( Java Edition ),Cracked
15,Computer ( Java Edition ),Cracked
1,Computer ( Java Edition ),Cracked
17,Computer ( Java Edition ),Cracked
17,Computer ( Java Edition ),Cracked
14,Computer ( Java Edition ),Cracked
18,Computer ( Java Edition ),Cracked
14,Computer ( Java Edition ),Paid Version
19,Computer ( Java Edition ),Cracked
16,Computer ( Java Edition ),Cracked
21,Computer ( Java Edition ),Cracked
20,Computer ( Java Edition ),Cracked
20,Mobile ( bedrock version ),Cracked
14,Computer ( Java Edition ),Cracked
20,Computer ( Java Edition ),Paid Version
19,Computer ( Java Edition ),Cracked
18,Mobile ( bedrock version ),Paid Version
23,Computer ( Java Edition ),Cracked
16,Computer ( Java Edition ),Cracked
14,Computer ( Java Edition ),Cracked
18,Computer ( Java Edition ),Cracked
17,Computer ( Java Edition ),Paid Version
20,Computer ( Java Edition ),Cracked
15,Computer ( Java Edition ),Cracked
17,Computer ( Java Edition ),Cracked
16,Computer ( Java Edition ),Paid Version
16,Computer ( Java Edition ),Cracked
17,Computer ( Java Edition ),Cracked
21,Computer ( Java Edition ),Cracked
16,Computer ( Java Edition ),Cracked
1,Computer ( Java Edition ),Paid Version
18,Computer ( Java Edition ),Cracked
14,Computer ( Java Edition ),Cracked
21,Computer ( Java Edition ),Cracked
18,Computer ( Java Edition ),Cracked
15,Computer ( Java Edition ),Cracked
22,Computer ( Java Edition ),Cracked
18,Computer ( Java Edition ),Paid Version
18,Computer ( Java Edition ),Paid Version
17,Mobile ( bedrock version ),Cracked
23,Mobile ( bedrock version ),Cracked
20,Mobile ( bedrock version ),Paid Version
14,Mobile ( bedrock version ),Paid Version
16,Computer ( Java Edition ),Cracked
15,Computer ( Java Edition ),Cracked
17,Computer ( Java Edition ),Cracked
15,Computer ( Java Edition ),Cracked
16,Computer ( Java Edition ),Cracked
17,Mobile ( bedrock version ),Cracked
17,Computer ( Java Edition ),Cracked
14,Computer ( Java Edition ),Cracked
19,Computer ( Java Edition ),Paid Version
15,Mobile ( bedrock version ),Cracked
17,Computer ( Java Edition ),Cracked
14,Computer ( Java Edition ),Cracked
18,Computer ( Java Edition ),Cracked
16,Computer ( Java Edition ),Cracked
14,Computer ( Java Edition ),Cracked
12,Computer ( Java Edition ),Cracked
20,Computer ( Java Edition ),Cracked
14,Mobile ( bedrock version ),Cracked
19,Mobile ( bedrock version ),Cracked
17,Computer ( Java Edition ),Paid Version
14,Computer ( Java Edition ),Paid Version
16,Computer ( Java Edition ),Cracked
15,Computer ( Java Edition ),Cracked
18,Computer ( Java Edition ),Cracked
24,Computer ( Java Edition ),Cracked
14,Mobile ( bedrock version ),Cracked
16,Mobile ( bedrock version ),Cracked
22,Computer ( Java Edition ),Cracked
13,Computer ( Java Edition ),Cracked
,Computer ( Java Edition ),Cracked
15,Computer ( Java Edition ),Cracked
17,Computer ( Java Edition ),Cracked
15,Mobile ( bedrock version ),Paid Version
23,Computer ( Java Edition ),Cracked
21,Computer ( Java Edition ),Cracked
15,Computer ( Java Edition ),Cracked
15,Mobile ( bedrock version ),Cracked
18,Computer ( Java Edition ),Paid Version
17,Mobile ( bedrock version ),Cracked
17,Mobile ( bedrock version ),Paid Version
16,Mobile ( bedrock version ),Cracked
16,Computer ( Java Edition ),Cracked
15,Computer ( Java Edition ),Cracked
17,Mobile ( bedrock version ),Cracked
18,Computer ( Java Edition ),Paid Version
21,Computer ( Java Edition ),Cracked
22,Computer ( Java Edition ),Cracked
19,Computer ( Java Edition ),Paid Version
20,Computer ( Java Edition ),Paid Version
12,Computer ( Java Edition ),Cracked
14,Computer ( Java Edition ),Cracked
20,Computer ( Java Edition ),Cracked
22,Computer ( Java Edition ),Cracked
16,Mobile ( bedrock version ),Cracked
16,Computer ( Java Edition ),Cracked
15,Computer ( Java Edition ),Paid Version
19,Computer ( Java Edition ),Cracked
18,Mobile ( bedrock version ),Cracked
22,Mobile ( bedrock version ),Cracked
19,Computer ( Java Edition ),Cracked
17,Computer ( Java Edition ),Cracked
14,Computer ( Java Edition ),Cracked
18,Computer ( Java Edition ),Cracked
15,Computer ( Java Edition ),Cracked
17,Computer ( Java Edition ),Cracked
24,Computer ( Java Edition ),Paid Version
18,Mobile ( bedrock version ),Cracked
22,Computer ( Java Edition ),Cracked
15,Computer ( Java Edition ),Cracked
15,Computer ( Java Edition ),Cracked
16,Computer ( Java Edition ),Cracked
16,Computer ( Java Edition ),Cracked
18,Computer ( Java Edition ),Cracked
20,Computer ( Java Edition ),Paid Version
16,Computer ( Java Edition ),Cracked
23,Computer ( Java Edition ),Cracked
15,Computer ( Java Edition ),Cracked
9,Computer ( Java Edition ),Cracked
18,Computer ( Java Edition ),Cracked
18,Computer ( Java Edition ),Cracked
18,Computer ( Java Edition ),Cracked
15,Computer ( Java Edition ),Cracked
23,Computer ( Java Edition ),Cracked
17,Computer ( Java Edition ),Cracked
14,Computer ( Java Edition ),Cracked
15,Computer ( Java Edition ),Cracked
15,Mobile ( bedrock version ),Cracked
20,Computer ( Java Edition ),Paid Version
18,Computer ( Java Edition ),Cracked
17,Computer ( Java Edition ),Cracked
17,Computer ( Java Edition ),Cracked
18,Mobile ( bedrock version ),Cracked
14,Computer ( Java Edition ),Cracked
15,Computer ( Java Edition ),Cracked
15,Computer ( Java Edition ),Cracked
15,Computer ( Java Edition ),Paid Version
16,Computer ( Java Edition ),Cracked
16,Computer ( Java Edition ),Cracked
18,Computer ( Java Edition ),Cracked
14,Computer ( Java Edition ),Cracked
18,Computer ( Java Edition ),Cracked
19,Computer ( Java Edition ),Cracked
19,Computer ( Java Edition ),Cracked
16,Computer ( Java Edition ),Paid Version
15,Computer ( Java Edition ),Cracked
19,Computer ( Java Edition ),Paid Version
15,Computer ( Java Edition ),Cracked
16,Computer ( Java Edition ),Cracked
17,Computer ( Java Edition ),Cracked
16,Computer ( Java Edition ),Cracked
15,Computer ( Java Edition ),Cracked
23,Computer ( Java Edition ),Paid Version
15,Computer ( Java Edition ),Cracked
15,Computer ( Java Edition ),Cracked
20,Computer ( Java Edition ),Cracked
18,Computer ( Java Edition ),Cracked
14,Computer ( Java Edition ),Paid Version
16,Computer ( Java Edition ),Cracked
15,Computer ( Java Edition ),Cracked
19,Computer ( Java Edition ),Cracked
16,Computer ( Java Edition ),Cracked
16,Computer ( Java Edition ),Cracked
17,Computer ( Java Edition ),Cracked
16,Computer ( Java Edition ),Cracked
17,Computer ( Java Edition ),Cracked
21,Computer ( Java Edition ),Cracked
18,Computer ( Java Edition ),Paid Version
16,Computer ( Java Edition ),Cracked
18,Computer ( Java Edition ),Paid Version
22,Computer ( Java Edition ),Cracked
16,Computer ( Java Edition ),Cracked
20,Computer ( Java Edition ),Cracked
17,Computer ( Java Edition ),Cracked
17,Computer ( Java Edition ),Cracked
19,Computer ( Java Edition ),Paid Version
16,Computer ( Java Edition ),Cracked
17,Computer ( Java Edition ),Cracked
16,Computer ( Java Edition ),Cracked
1,Computer ( Java Edition ),Cracked
13,Computer ( Java Edition ),Cracked
19,Computer ( Java Edition ),Cracked
18,Computer ( Java Edition ),Cracked
26,Computer ( Java Edition ),Cracked
19,Computer ( Java Edition ),Cracked
17,Computer ( Java Edition ),Cracked
16,Computer ( Java Edition ),Cracked
15,Computer ( Java Edition ),Cracked
17,Computer ( Java Edition ),Cracked
23,Computer ( Java Edition ),Cracked
19,Computer ( Java Edition ),Cracked
17,Computer ( Java Edition ),Paid Version
16,Computer ( Java Edition ),Cracked
14,Computer ( Java Edition ),Cracked
17,Computer ( Java Edition ),Cracked
17,Mobile ( bedrock version ),Cracked
16,Computer ( Java Edition ),Cracked
14,Computer ( Java Edition ),Cracked
17,Computer ( Java Edition ),Cracked
16,Mobile ( bedrock version ),Cracked
14,Computer ( Java Edition ),Cracked
14,Mobile ( bedrock version ),Paid Version
16,Computer ( Java Edition ),Cracked
17,Computer ( Java Edition ),Cracked
16,Computer ( Java Edition ),Cracked
17,Computer ( Java Edition ),Cracked
14,Computer ( Java Edition ),Cracked
22,Computer ( Java Edition ),Paid Version
15,Computer ( Java Edition ),Cracked
18,Computer ( Java Edition ),Cracked
18,Computer ( Java Edition ),Cracked
14,Computer ( Java Edition ),Cracked
14,Computer ( Java Edition ),Cracked
20,Computer ( Java Edition ),Cracked
16,Computer ( Java Edition ),Cracked
17,Computer ( Java Edition ),Cracked
17,Computer ( Java Edition ),Cracked
15,Computer ( Java Edition ),Cracked
13,Computer ( Java Edition ),Cracked
15,Mobile ( bedrock version ),Cracked
12,Computer ( Java Edition ),Cracked
16,Computer ( Java Edition ),Paid Version
21,Computer ( Java Edition ),Cracked
16,Computer ( Java Edition ),Cracked
20,Computer ( Java Edition ),Cracked
17,Computer ( Java Edition ),Cracked
17,Computer ( Java Edition ),Paid Version
22,Computer ( Java Edition ),Cracked
22,Computer ( Java Edition ),Cracked
20,Computer ( Java Edition ),Cracked
16,Computer ( Java Edition ),Cracked
12,Computer ( Java Edition ),Cracked
13,Computer ( Java Edition ),Cracked
16,Computer ( Java Edition ),Cracked
14,Computer ( Java Edition ),Cracked
14,Mobile ( bedrock version ),Paid Version
17,Computer ( Java Edition ),Cracked
21,Computer ( Java Edition ),Cracked
14,Computer ( Java Edition ),Cracked
15,Computer ( Java Edition ),Cracked
22,Computer ( Java Edition ),Paid Version
14,Computer ( Java Edition ),Cracked
20,Mobile ( bedrock version ),Cracked
18,Computer ( Java Edition ),Cracked
15,Computer ( Java Edition ),Cracked
22,Computer ( Java Edition ),Cracked
19,Mobile ( bedrock version ),Cracked
13,Computer ( Java Edition ),Cracked
17,Computer ( Java Edition ),Cracked
19,Computer ( Java Edition ),Cracked
14,Computer ( Java Edition ),Cracked
16,Computer ( Java Edition ),Cracked
15,Computer ( Java Edition ),Cracked
16,Computer ( Java Edition ),Cracked
15,Computer ( Java Edition ),Paid Version
18,Computer ( Java Edition ),Cracked
15,Computer ( Java Edition ),Cracked
15,Computer ( Java Edition ),Cracked
17,Computer ( Java Edition ),Cracked
17,Computer ( Java Edition ),Cracked
15,Computer ( Java Edition ),Cracked
18,Computer ( Java Edition ),Cracked
15,Computer ( Java Edition ),Cracked
15,Computer ( Java Edition ),Cracked
16,Computer ( Java Edition ),Cracked
18,Computer ( Java Edition ),Cracked
15,Computer ( Java Edition ),Cracked
15,Computer ( Java Edition ),Cracked
15,Computer ( Java Edition ),Cracked
17,Computer ( Java Edition ),Paid Version
16,Computer ( Java Edition ),Cracked
19,Mobile ( bedrock version ),Cracked
6,Computer ( Java Edition ),Cracked
16,Computer ( Java Edition ),Cracked
24,Computer ( Java Edition ),Cracked
13,Computer ( Java Edition ),Cracked
12,Computer ( Java Edition ),Cracked
21,Computer ( Java Edition ),Cracked
15,Computer ( Java Edition ),Cracked
16,Computer ( Java Edition ),Cracked
19,Computer ( Java Edition ),Cracked
15,Computer ( Java Edition ),Cracked
16,Computer ( Java Edition ),Cracked
18,Computer ( Java Edition ),Cracked
28,Computer ( Java Edition ),Cracked
13,Computer ( Java Edition ),Cracked
20,Computer ( Java Edition ),Paid Version
13,Computer ( Java Edition ),Cracked
14,Computer ( Java Edition ),Cracked
16,Computer ( Java Edition ),Cracked
16,Computer ( Java Edition ),Cracked
15,Computer ( Java Edition ),Cracked
12,Mobile ( bedrock version ),Paid Version
2,Computer ( Java Edition ),Cracked
14,Computer ( Java Edition ),Cracked
14,Computer ( Java Edition ),Cracked
28,Computer ( Java Edition ),Cracked
13,Computer ( Java Edition ),Cracked
16,Computer ( Java Edition ),Cracked
15,Computer ( Java Edition ),Cracked
16,Computer ( Java Edition ),Paid Version
13,Computer ( Java Edition ),Cracked
17,Mobile ( bedrock version ),Cracked
15,Mobile ( bedrock version ),Paid Version
14,Mobile ( bedrock version ),Cracked
16,Computer ( Java Edition ),Cracked
14,Computer ( Java Edition ),Cracked
16,Computer ( Java Edition ),Cracked
15,Computer ( Java Edition ),Cracked
15,Computer ( Java Edition ),Cracked
17,Computer ( Java Edition ),Cracked
14,Computer ( Java Edition ),Cracked
15,Computer ( Java Edition ),Paid Version
17,Mobile ( bedrock version ),Cracked
22,Computer ( Java Edition ),Paid Version
16,Computer ( Java Edition ),Cracked
21,Mobile ( bedrock version ),Cracked
17,Computer ( Java Edition ),Cracked
1,Mobile ( bedrock version ),Cracked
15,Computer ( Java Edition ),Paid Version
16,Computer ( Java Edition ),Cracked
20,Computer ( Java Edition ),Cracked
15,Computer ( Java Edition ),Cracked
17,Computer ( Java Edition ),Cracked
17,Computer ( Java Edition ),Cracked
13,Computer ( Java Edition ),Cracked
1,Computer ( Java Edition ),Cracked
14,Computer ( Java Edition ),Cracked
14,Computer ( Java Edition ),Cracked
17,Computer ( Java Edition ),Cracked
18,Computer ( Java Edition ),Cracked
16,Computer ( Java Edition ),Paid Version
18,Computer ( Java Edition ),Cracked
18,Mobile ( bedrock version ),Cracked
16,Computer ( Java Edition ),Paid Version
18,Computer ( Java Edition ),Cracked
19,Computer ( Java Edition ),Cracked
14,Computer ( Java Edition ),Cracked
15,Computer ( Java Edition ),Cracked
22,Mobile ( bedrock version ),Paid Version
16,Computer ( Java Edition ),Paid Version
17,Computer ( Java Edition ),Cracked
16,Computer ( Java Edition ),Cracked
24,Computer ( Java Edition ),Cracked
16,Mobile ( bedrock version ),Cracked
16,Computer ( Java Edition ),Paid Version
16,Computer ( Java Edition ),Paid Version
17,Computer ( Java Edition ),Cracked
17,Computer ( Java Edition ),Cracked
18,Mobile ( bedrock version ),Cracked
15,Computer ( Java Edition ),Cracked
16,Mobile ( bedrock version ),Cracked
15,Computer ( Java Edition ),Cracked
16,Mobile ( bedrock version ),Cracked
16,Computer ( Java Edition ),Paid Version
15,Computer ( Java Edition ),Cracked
14,Computer ( Java Edition ),Paid Version
15,Computer ( Java Edition ),Cracked
17,Computer ( Java Edition ),Cracked
21,Mobile ( bedrock version ),Cracked
14,Computer ( Java Edition ),Cracked
18,Computer ( Java Edition ),Paid Version
15,Computer ( Java Edition ),Cracked
16,Mobile ( bedrock version ),Paid Version
21,Computer ( Java Edition ),Paid Version
17,Computer ( Java Edition ),Cracked
15,Computer ( Java Edition ),Cracked
15,Computer ( Java Edition ),Cracked
16,Computer ( Java Edition ),Cracked
15,Computer ( Java Edition ),Cracked
17,Mobile ( bedrock version ),Cracked
14,Computer ( Java Edition ),Cracked
15,Computer ( Java Edition ),Cracked
22,Computer ( Java Edition ),Cracked
16,Computer ( Java Edition ),Cracked
15,Computer ( Java Edition ),Cracked
17,Computer ( Java Edition ),Cracked
17,Computer ( Java Edition ),Paid Version
15,Computer ( Java Edition ),Cracked
17,Computer ( Java Edition ),Cracked
24,Computer ( Java Edition ),Cracked
16,Computer ( Java Edition ),Cracked
14,Computer ( Java Edition ),Cracked
17,Computer ( Java Edition ),Cracked
15,Computer ( Java Edition ),Cracked
17,Computer ( Java Edition ),Cracked
15,Computer ( Java Edition ),Cracked
14,Computer ( Java Edition ),Cracked
